{
  "meta": {
    "counts": [
      200,
      500,
      1000,
      2000
    ],
    "iters": 20,
    "mbps": 500.0,
    "timestamp": 1780055945
  },
  "results": [
    {
      "count": 200,
      "iters": 20,
      "mbps": 500.0,
      "avg_ms": 0.2195073499994038,
      "p50_ms": 0.21567099999941775,
      "p95_ms": 0.24438300000184654,
      "summaries": 20,
      "payloads": 20
    },
    {
      "count": 500,
      "iters": 20,
      "mbps": 500.0,
      "avg_ms": 0.537799199999256,
      "p50_ms": 0.5409139999983381,
      "p95_ms": 0.5577390000013338,
      "summaries": 20,
      "payloads": 20
    },
    {
      "count": 1000,
      "iters": 20,
      "mbps": 500.0,
      "avg_ms": 1.0921258999996297,
      "p50_ms": 1.086906000004717,
      "p95_ms": 1.1805860000038138,
      "summaries": 20,
      "payloads": 20
    },
    {
      "count": 2000,
      "iters": 20,
      "mbps": 500.0,
      "avg_ms": 2.223739649999956,
      "p50_ms": 2.228764000001604,
      "p95_ms": 2.3400890000004892,
      "summaries": 20,
      "payloads": 20
    }
  ]
}